Kristofor Lightollers,223-502-1350,8488 Northwestern Court,klightollers0@earthlink.net,A1E,AD95 2325 9746 OORS ZLOU P0G7,4,15,5/2/2015
Jere Gillebert,846-461-7468,3 Forest Center,jgillebert1@shop-pro.jp,A2E,IL43 9283 6818 6402 1418 864,6,23,8/10/2018
Bail Edghinn,315-730-6898,74 Fieldstone Park,bedghinn2@china.com.cn,B1E,FR33 8409 1135 75SI 8YRI 7AH7 V81,4,35,4/30/2019
Cy Moulsdall,901-863-5855,348 Saint Paul Point,cmoulsdall3@kickstarter.com,B2E,MT71 DSPK 1541 8G9L RWR4 DHOY GCQP BDH,4,34,4/12/2014
Jean Boothroyd,113-886-6523,24 Utah Avenue,jboothroyd4@blogspot.com,C1E,AL58 4328 8494 UDJO DGDZ SCLJ 3EO4,9,32,11/26/2015
Adey Cottell,576-886-5696,436 5th Place,acottell5@hc360.com,C2E,MU28 ZJDN 9134 3710 3945 5779 879R CP,2,29,8/2/2016
Cosmo Jakubiak,596-153-2279,56746 Melby Hill,cjakubiak6@technorati.com,A1G,LI12 1926 07XF RPGW 1YOH C,3,27,7/15/2018
Meredithe Balogh,779-499-9439,2291 Main Alley,mbalogh7@google.ca,A2G,TN56 9633 5912 6779 2711 5685,5,26,3/23/2015
Ruthe Prier,285-274-4349,3 Darwin Street,rprier8@kickstarter.com,B1G,HU90 9879 2708 2067 4357 7210 1265,3,34,8/8/2017
Brandie Renneke,139-432-2553,07040 Wayridge Trail,brenneke9@marketwatch.com,B2G,IS70 9419 9934 2730 1397 0975 42,5,24,5/7/2020
Marice Easseby,991-219-8173,5 Porter Plaza,meassebya@shinystat.com,C1G,FR86 2313 0852 97EJ S9OQ 3SWU G57,9,13,12/17/2013
Halimeda Reedyhough,866-356-2243,8954 Armistice Center,hreedyhoughb@dedecms.com,C2G,BR34 5544 3318 5708 4456 5106 691L N,3,19,6/10/2016
Crissy Phifer,780-642-2198,84 Farragut Lane,cphiferc@indiatimes.com,A1F,HU22 6296 4962 7389 8421 9647 6342,2,27,4/21/2014
Goraud Dibble,305-331-3055,48919 Judy Terrace,gdibbled@bizjournals.com,A2F,FR33 4338 4093 760T 20PM QB7I I94,5,40,1/2/2019
Sonny Simants,503-943-5769,17570 Lindbergh Terrace,ssimantse@ehow.com,B1F,GL14 9750 1019 8121 11,1,30,4/10/2017
Martina Warre,326-886-3017,682 Hintze Pass,mwarref@twitpic.com,B2F,IT41 V501 5866 378X 03PQ YTQA L3X,5,39,8/7/2015
Tracy Naden,283-548-7106,32 Basil Trail,tnadeng@discovery.com,C1F,FR14 2512 5740 175R PTUJ GFY5 G46,6,18,9/11/2018
Jobye Sapson,727-878-1941,423 Saint Paul Street,jsapsonh@so-net.ne.jp,C2F,MC58 5414 2332 35CV TYJM FLFW N95,9,31,8/19/2016
Pet Poytres,396-733-3382,132 Dexter Point,ppoytresi@google.fr,A1E,LB39 9379 5L7X M4GU SYVC UOGM LJHN,6,35,4/25/2019
Tani Dewing,253-673-8901,722 Eagan Point,tdewingj@vkontakte.ru,A2E,LU07 437A GNIN VBEF L5WY,8,27,12/21/2018
Bernete St Clair,734-814-6640,0283 Washington Junction,bstk@wikipedia.org,B1E,FO98 3293 9560 5752 18,5,34,12/19/2019
Eran Leavey,854-324-7568,518 Clarendon Road,eleaveyl@ucla.edu,B2E,CY25 6852 0595 0LXC C7PP BDLP WSME,4,40,1/25/2014
Salome Tomowicz,594-589-5122,04 Wayridge Drive,stomowiczm@smh.com.au,C1E,BA20 3354 2701 6445 4967,8,13,8/10/2019
Ad Tzar,489-163-3010,80190 Sherman Parkway,atzarn@wufoo.com,C2E,TR98 9952 2QJX IR4W YKVQ K8ED 63,8,39,2/4/2020
Raychel Benini,877-497-8192,891 Donald Junction,rbeninio@nymag.com,A1G,AT42 5296 4943 7572 4795,7,28,3/4/2018
Kermit Du Plantier,885-642-8954,08618 Golf Course Terrace,kdup@biblegateway.com,A2G,FR78 9403 6481 62WR 03GW AGFA F32,7,28,9/9/2015
Jeramie Gowdy,396-170-2192,49 Shoshone Place,jgowdyq@123-reg.co.uk,B1G,KZ34 583O NZHH SUNJ RBEG,2,26,12/14/2018
Carlos Wetter,268-660-6727,9123 Talisman Alley,cwetterr@taobao.com,B2G,PS72 DZTC DOL3 3X1T DNPQ HYSV XNLI F,8,36,3/31/2018
Fonz Galletley,245-426-6117,219 Monument Court,fgalletleys@tamu.edu,C1G,MD54 8XZ9 PL5X TO4H KPG2 WODO,7,36,6/15/2019
Mellicent Mandrake,954-888-3656,20542 Atwood Alley,mmandraket@google.co.uk,C2G,IL29 4264 4924 8804 4625 844,8,34,11/6/2013
Winni Pockett,917-756-3331,13 Anhalt Plaza,wpockettu@redcross.org,A1F,FR79 5146 5708 33QB TYI3 A4XC D96,5,32,6/2/2019
Deedee Radke,987-379-1491,0398 Kingsford Lane,dradkev@theguardian.com,A2F,AL24 8632 2550 NSV7 GXUB P0RX YG5B,1,14,9/26/2019
Nita Linnit,709-454-5532,9 Katie Street,nlinnitw@yolasite.com,B1F,FR23 6202 2335 42N1 OMXS L5MI P59,5,20,8/16/2017
Charlena Beldam,294-953-8753,1648 Carberry Trail,cbeldamx@hatena.ne.jp,B2F,RO08 CRHX YYSB WRDD RT2W 2MAV,5,29,2/14/2017
Cathyleen Burgh,787-501-8504,36 Randy Avenue,cburghy@xrea.com,C1F,MU84 IEVY 5174 8594 0921 8294 477H WM,8,22,3/18/2019
Cordell Abramson,766-883-1780,98749 Clove Crossing,cabramsonz@blogs.com,C2F,AT79 4225 8829 1929 9816,7,16,6/23/2017
Timi Geer,755-281-7998,9090 Milwaukee Hill,tgeer10@constantcontact.com,A1E,LI49 4741 2RVU LXJV VESX B,1,34,12/26/2019
Chet Bindin,415-598-3490,4010 Dovetail Road,cbindin11@canalblog.com,A2E,IT04 E675 2596 998I GHHK TRNJ LEJ,1,24,8/22/2018
Jocelyne Yglesia,759-398-2120,271 Burrows Pass,jyglesia12@t.co,B1E,NO27 7903 9468 981,4,36,2/18/2017
Giffy Upham,315-293-5618,6 Dorton Hill,gupham13@photobucket.com,B2E,FR49 0225 4525 17ZF VGNX PQIL G21,6,23,10/14/2014
Sherwin Agass,929-322-3773,01 Grover Alley,sagass14@hexun.com,C1E,HR21 4800 8377 4231 7087 4,1,40,10/13/2013
Reynolds Geaveny,807-953-4788,0344 Mockingbird Street,rgeaveny15@icq.com,C2E,MK41 218R XYB2 SAKG O61,8,14,7/8/2020
Shirlee Penner,647-173-3249,839 2nd Place,spenner16@naver.com,A1G,SK62 2137 9468 8867 2922 8918,2,40,8/23/2020
Maddi Avramovich,863-151-5307,8321 Schlimgen Terrace,mavramovich17@moonfruit.com,A2G,BG12 WKFS 8980 55LM G4CZ RI,8,40,11/18/2015
Larry Huband,826-698-3993,8608 Kings Circle,lhuband18@icio.us,B1G,NO18 4779 1563 126,7,13,4/25/2016
Persis Popple,701-429-2362,36132 Sunfield Road,ppopple19@alibaba.com,B2G,TR17 9265 305Z NAWN CHCO IY1O AD,7,32,3/8/2016
Rand Speare,404-483-7065,755 Porter Way,rspeare1a@patch.com,C1G,GL11 2329 2809 4904 65,8,18,2/22/2019
Andre Sleep,730-917-4249,634 Rutledge Point,asleep1b@alexa.com,C2G,FR46 5961 7984 196J HVES MDI6 I43,3,21,1/5/2014
Phaidra Desborough,316-916-3648,5241 Alpine Hill,pdesborough1c@usa.gov,A1F,RS46 4999 5364 5015 0317 17,5,16,3/19/2020
Vivien Emerson,558-940-1382,81 Artisan Road,vemerson1d@fotki.com,A2F,DK33 3185 8540 0146 65,8,30,7/20/2019
Monro Reynoldson,854-866-2789,34 Bultman Place,mreynoldson1e@nymag.com,B1F,GR63 0481 821L BNHR FAZL ECPN IQG,5,29,5/10/2017
Flss Spellacey,188-308-4678,18 Onsgard Alley,fspellacey1f@e-recht24.de,B2F,DE46 2862 0060 7469 8672 83,9,32,5/11/2018
Valentino Cheer,161-361-6181,0 Lawn Point,vcheer1g@elegantthemes.com,C1F,CZ50 2939 3770 7106 8451 8008,3,38,1/11/2018
Lavinie Taye,303-613-4648,90507 Crowley Point,ltaye1h@psu.edu,C2F,SM46 C559 2964 620Q VNXR 8UIX 9WF,1,36,3/16/2019
Townie Willarton,545-107-4902,064 John Wall Plaza,twillarton1i@ucoz.ru,A1E,MT41 DCMY 6996 5SFR GATT UJBA DDR9 ASF,1,18,9/9/2019
Ivett Van Halen,745-264-2256,35622 Lerdahl Drive,ivan1j@telegraph.co.uk,A2E,DK19 9661 1474 5910 43,4,27,5/15/2019
Gloria Dumbrill,732-679-3938,50 Utah Lane,gdumbrill1k@linkedin.com,B1E,FR92 0927 2973 52RE ZQLM UN4D H95,7,37,12/17/2014
Collen Goggan,430-106-3932,56238 Jenna Circle,cgoggan1l@desdev.cn,B2E,FR81 0962 7223 45IF GUNM KVRI E59,9,23,7/8/2015
Early Devenish,419-358-2454,9067 Bluejay Crossing,edevenish1m@nyu.edu,C1E,GL38 2301 6063 0262 60,6,38,7/31/2014
Konstance Tibbits,850-973-6698,655 Colorado Lane,ktibbits1n@ox.ac.uk,C2E,GR13 1746 588D GC7T V2XF 2KWL 8YN,6,39,3/8/2017
Eadie Lorroway,439-751-7413,08 Ronald Regan Pass,elorroway1o@sbwire.com,A1G,CH12 6211 9ZOO SQ8Z NZ5X X,3,31,4/20/2014
Weidar Threadgold,636-700-6090,4 Fairview Way,wthreadgold1p@seesaa.net,A2G,RO75 MMDR VNXP ZE1J F7UA 5GAP,5,17,2/23/2020
Filia Tatton,658-881-7931,234 Harbort Center,ftatton1q@hp.com,B1G,LU18 917N ASH2 ZX84 B0ZR,4,39,8/23/2020
Tab Toby,344-677-1535,6 Atwood Place,ttoby1r@bloglines.com,B2G,BG64 BIOR 1261 03G9 XKB3 OR,4,18,6/10/2017
Magnum Philpots,679-425-4709,37 Sullivan Junction,mphilpots1s@jiathis.com,C1G,CY15 1029 7118 BVVB QTDV NSKO E4SQ,9,32,12/3/2015
Vera O'Farris,514-594-8173,34 Northview Parkway,vofarris1t@engadget.com,C2G,NO18 1864 0905 070,8,16,11/3/2016
Alisander Ladyman,523-542-8529,1 School Alley,aladyman1u@ustream.tv,A1F,CH81 3882 5IZ0 9XBH ABGA T,9,29,3/5/2016
Ruby Hursthouse,498-540-6830,51 Northwestern Pass,rhursthouse1v@discovery.com,A2F,FR37 8965 0473 70SV NR1F A780 R20,1,31,1/27/2020
Simone Brinklow,475-410-5006,3970 Anniversary Center,sbrinklow1w@taobao.com,B1F,LI27 6043 70PG 1V4V 3WRC 2,1,34,8/13/2016
Lisette Macer,644-295-9388,5064 Acker Avenue,lmacer1x@ca.gov,B2F,LU41 582I E1ZZ 87H8 RBFO,2,32,11/19/2014
Clo Bodechon,653-559-0293,48 Carberry Crossing,cbodechon1y@dailymotion.com,C1F,MK86 377Z P8OX HLLY P07,7,14,11/18/2014
Jenny Ouldcott,922-530-2156,2814 Merchant Road,jouldcott1z@wix.com,C2F,MK44 370P HTSR 2VQN W13,9,22,9/8/2013
Nari Farndale,749-718-3543,3762 Vahlen Drive,nfarndale20@apache.org,A1E,MC88 6195 4875 58UM 5S4O VK70 524,7,20,7/29/2018
Ashton Ailsbury,666-371-7947,23 Hoard Junction,aailsbury21@a8.net,A2E,KW03 CVLJ DFMN 2HTL W0QL 6S0D Z1PO WV,3,24,8/15/2016
Gilberto Tewkesbury.,748-259-0974,43247 Surrey Junction,gtewkesbury22@forbes.com,B1E,FR45 5341 6993 21BY 7Q3L NU6N 119,2,38,10/20/2018
Shanan Ormesher,934-525-7034,459 Prentice Way,sormesher23@prlog.org,B2E,IL69 2427 1475 2379 2701 131,8,40,6/2/2014
Bertie Hughman,117-855-5666,2 Elka Parkway,bhughman24@homestead.com,C1E,KZ42 672E LMT5 GV2B IMRU,9,20,5/15/2015
Wendell Mc Combe,743-589-8616,9617 Schlimgen Lane,wmc25@reference.com,C2E,FR44 7752 7547 70PW 9WQX I1BA W84,4,15,11/2/2013
Garrard Pollitt,949-522-8548,766 Spenser Lane,gpollitt26@weibo.com,A1G,SK02 2208 5003 2440 4241 2205,3,13,5/2/2014
Amos Attwooll,619-496-2521,876 Division Park,aattwooll27@networkadvertising.org,A2G,SA72 69TC ULRV R6FB BP0R OEYU,1,32,4/2/2016
Gretta Beningfield,555-658-4563,4 Sullivan Plaza,gbeningfield28@nyu.edu,B1G,MT81 FXEV 4272 3YRU 6TOB BCNE VHBU MHK,4,28,10/10/2019
Welby Garland,507-657-7973,498 Morning Road,wgarland29@princeton.edu,B2G,GI77 OCSA O6N6 65HQ INHD 9R2,2,22,11/20/2017
Joan Donaway,388-708-3040,3347 Prairie Rose Hill,jdonaway2a@mit.edu,C1G,FR61 5803 6892 950L XEV0 GPUP R36,8,26,1/1/2019
Sebastien Ickowicz,360-528-8051,076 Hollow Ridge Alley,sickowicz2b@sfgate.com,C2G,BH71 WVHQ BCJN GSBW ENCU LY,6,25,11/2/2019
Carolus Ahrens,781-270-3206,67 Eastwood Center,cahrens2c@accuweather.com,A1F,MR42 5576 7091 2903 4256 2093 406,7,19,8/2/2014
Wally Karchewski,730-727-2741,77784 Mallory Place,wkarchewski2d@fema.gov,A2F,FR03 2696 9742 70FL D5DX BJJH N17,2,31,7/16/2018
Westley Marzele,987-335-6041,573 Cottonwood Drive,wmarzele2e@comcast.net,B1F,HR55 8377 3188 8460 9760 3,1,14,1/11/2017
Samuel Redferne,127-726-5229,7473 Lien Hill,sredferne2f@walmart.com,B2F,IE11 PNWB 6325 4793 4325 88,1,21,4/5/2019
Bobina Yeldon,444-793-8820,9162 Derek Place,byeldon2g@gnu.org,C1F,NO42 8712 6003 594,5,14,10/5/2016
Danella Marriott,427-325-0332,72 Eagle Crest Avenue,dmarriott2h@freewebs.com,C2F,RO64 WCXR UVWY JTBB FCSQ ROTB,7,32,10/15/2015
Maddy Thurnham,405-778-8916,2 Gerald Hill,mthurnham2i@symantec.com,A1E,FI67 2833 4088 3028 03,4,22,2/10/2014
Emmaline Caustic,858-957-1055,9 Hauk Circle,ecaustic2j@jimdo.com,A2E,DO15 8HFN 4342 6624 6419 1508 1902,7,16,3/13/2019
Yolane Keesman,804-926-5326,9745 Wayridge Hill,ykeesman2k@nih.gov,B1E,FR66 9424 1618 96MG R0NU SXDU S35,9,34,6/2/2016
Perkin Bent,124-799-3684,08690 Marcy Pass,pbent2l@list-manage.com,B2E,SI68 6323 7391 4066 043,4,24,6/21/2016
Stevena Fenix,489-944-0521,463 New Castle Junction,sfenix2m@webs.com,C1E,PS72 PHJI M1T9 7ALC WGDA FN86 TGDG V,7,26,5/21/2020
Vida Gonnel,769-227-3321,561 Arrowood Parkway,vgonnel2n@squidoo.com,C2E,LU34 619Y MLQ0 TUVQ AKAW,6,30,7/18/2020
Shelley Letessier,957-660-0514,1 Lerdahl Lane,sletessier2o@arstechnica.com,A1G,AT94 8113 9618 6150 0659,5,23,1/11/2020
Matthieu Bodycomb,516-470-6416,678 Farwell Court,mbodycomb2p@yolasite.com,A2G,VG47 RUYX 9418 5645 2738 3047,2,30,2/18/2017
Yorker Rays,390-870-5553,4 Lakewood Hill,yrays2q@amazonaws.com,B1G,KZ37 023E KWOO SQZL U8JT,2,32,8/16/2015
Samuel McKinney,179-562-7359,3 Bayside Avenue,smckinney2r@psu.edu,B2G,DO27 OSQV 5787 8940 4373 3777 1404,7,40,10/6/2016
Davie Guinnane,658-163-5914,0 Granby Crossing,dguinnane2s@paginegialle.it,C1G,RO75 ZKLT V8VS FJQ2 TDCP 8YVT,8,28,9/19/2018
Otha Dowthwaite,602-834-4557,283 Karstens Pass,odowthwaite2t@samsung.com,C2G,IT45 L947 8808 4445 HLS1 EC2R 56K,4,28,10/20/2018
Iolande Spawton,985-271-3452,66772 Hansons Center,ispawton2u@drupal.org,A1F,FR46 1157 6206 29W3 T1EI NWIX F91,7,20,11/2/2015
Bibby Cyphus,293-697-2779,2 Farmco Road,bcyphus2v@typepad.com,A2F,AT86 3624 8609 4523 2980,9,39,11/13/2018
Kelsey Toward,392-121-2313,67281 Fordem Center,ktoward2w@ebay.com,B1F,GR87 3448 1934 PSR8 IONT 66BT QLV,1,22,4/4/2014
Arden Buntain,197-359-1336,469 Westerfield Hill,abuntain2x@youku.com,B2F,NO52 0263 5856 540,9,15,6/16/2017
Gran Sorton,717-248-6909,5 Rutledge Crossing,gsorton2y@sbwire.com,C1F,MT81 OUJN 1709 4KJB 4WUE OATK I9JK QHZ,4,22,6/26/2018
Deloria Kane,730-635-2141,9191 Mockingbird Center,dkane2z@yale.edu,C2F,SI14 8576 4479 5429 034,5,39,5/24/2014
Wendel Francois,983-372-7083,93 Claremont Way,wfrancois30@psu.edu,A1E,PL85 9579 8477 0901 4510 6219 0699,8,27,4/18/2015
Nester Ingreda,158-818-4108,17603 Prairie Rose Road,ningreda31@lycos.com,A2E,IS98 3959 7764 6471 9258 9730 90,9,40,6/7/2016
Margeaux Barnewell,680-805-9401,5010 Dennis Terrace,mbarnewell32@vimeo.com,B1E,FR04 7049 2588 57NQ K7VB JWEF A45,4,26,1/16/2015
Madison Shapcote,473-626-2880,568 Autumn Leaf Street,mshapcote33@twitpic.com,B2E,PT45 8442 3473 0682 1391 4210 1,9,19,2/6/2017
Robbert Sames,535-969-4943,95873 Westridge Lane,rsames34@imageshack.us,C1E,IL10 6135 7627 0678 2900 599,1,15,12/14/2017
Lucilia Hebbs,140-559-4281,4 Heath Road,lhebbs35@hostgator.com,C2E,ES37 4069 7185 8710 0723 3643,7,21,4/19/2016
Arlen Featherstone,355-943-8053,18 Forest Run Court,afeatherstone36@ebay.com,A1G,FR18 0249 8251 781V YCET JWAO S75,1,34,9/19/2016
Bidget Cholonin,729-350-7866,18 Northview Street,bcholonin37@jigsy.com,A2G,IT40 K360 9425 474M HCCX BZKY NIH,2,27,12/6/2017
Brooks Jamrowicz,318-361-2823,53144 Ridgeway Trail,bjamrowicz38@moonfruit.com,B1G,PK75 MQRG EZBA SVHH DHKV J23Z,8,38,7/30/2017
Boyce Bearns,407-213-4573,54 Bobwhite Place,bbearns39@cpanel.net,B2G,FI98 9007 6861 8558 54,5,36,4/11/2017
Artemas Dwyer,457-147-0966,74 Eagle Crest Road,adwyer3a@360.cn,C1G,FR71 8779 7810 72EA TVXV GCQQ X00,9,23,3/12/2020
Sharline Permain,957-446-8022,51 Heath Trail,spermain3b@addtoany.com,C2G,KW95 VRZQ LATF B3X4 8CPY P8KU BYFU CW,8,25,5/6/2020
Nealon Lempertz,935-291-3800,5365 Stoughton Trail,nlempertz3c@deliciousdays.com,A1F,BA98 5934 8202 2148 2125,5,31,8/14/2016
Spence Wyer,987-413-5032,85 Dapin Street,swyer3d@scientificamerican.com,A2F,BA69 2817 3621 8281 1001,8,37,8/21/2018
Antoni Eake,121-433-0885,0062 Chinook Alley,aeake3e@dell.com,B1F,LI90 3005 6FOP FD3R 050O R,2,33,1/18/2014
Marcelline Hazeldean,439-979-1672,3 Morning Terrace,mhazeldean3f@patch.com,B2F,BE26 7442 1153 7931,2,39,2/15/2016
Cordey Mungan,188-377-2924,4404 Fair Oaks Terrace,cmungan3g@ucoz.ru,C1F,VG42 IUUR 0615 6086 1783 0111,6,23,12/21/2018
Dita Spearett,208-983-7512,23785 Division Way,dspearett3h@mozilla.org,C2F,NO58 5816 4911 283,8,28,4/14/2015
Rodney Matyja,221-514-3849,0 Fallview Center,rmatyja3i@samsung.com,A1E,FR27 8152 8764 19PD BMZW SXFP 928,5,13,4/21/2019
Lurline Lombardo,474-904-1321,349 Arrowood Way,llombardo3j@about.com,A2E,PT66 7028 3323 9941 6123 0691 9,7,20,12/1/2016
Ariel Kelso,301-785-0754,8851 Emmet Road,akelso3k@comcast.net,B1E,IS93 1734 6307 5538 1006 7034 08,7,17,11/1/2016
Gwynne Syrie,889-394-7332,1 Ridgeway Crossing,gsyrie3l@cafepress.com,B2E,TR36 6027 5X9V KVK9 B84V CXAO F4,3,33,1/2/2017
Nicko Chafney,629-202-1242,6 Vahlen Road,nchafney3m@wired.com,C1E,RS86 9987 9549 0583 5029 19,1,37,12/29/2013
Nada Mazonowicz,745-398-9929,191 Fallview Park,nmazonowicz3n@purevolume.com,C2E,GB95 XCLT 9304 5191 8021 63,9,21,7/4/2017
Tamiko Dunlop,855-576-5996,62365 Rusk Center,tdunlop3o@qq.com,A1G,IT83 M413 2541 390R FXTO VQZQ V3N,1,35,10/3/2016
Hazel Martinez,730-390-8419,1 Kim Road,hmartinez3p@narod.ru,A2G,SK91 7524 5533 2665 1345 6206,3,24,10/17/2019
Esteban Lambert,985-393-0188,74 Marquette Parkway,elambert3q@webs.com,B1G,VG15 XHDE 5818 8809 2344 6511,2,16,9/2/2014
Wain Smees,353-182-9077,50884 Logan Trail,wsmees3r@com.com,B2G,BA31 0710 2709 3531 3079,1,27,10/2/2015
Mellisent Bucklan,462-461-9748,15 Hazelcrest Court,mbucklan3s@admin.ch,C1G,BR96 9277 1107 7076 6484 2698 283R Q,7,26,1/21/2014
Leicester Heersema,145-997-9718,2190 Hovde Parkway,lheersema3t@ustream.tv,C2G,HU74 1391 2963 7788 0694 6018 3717,7,14,7/17/2016
Elysee Vatini,160-153-5767,660 Pennsylvania Center,evatini3u@businessweek.com,A1F,ME50 4631 9636 6973 8877 85,2,37,9/29/2015
Loella Watkiss,478-174-4538,86 Macpherson Plaza,lwatkiss3v@nasa.gov,A2F,FR77 8379 5820 06MQ ZHGA OLSK D90,6,23,12/25/2015
Claudius Whyler,661-275-3614,8 Sachs Alley,cwhyler3w@dmoz.org,B1F,BR81 4888 9996 8597 9570 7768 937V H,5,38,11/25/2018
Curry Hammel,295-365-8167,41941 Badeau Trail,chammel3x@bluehost.com,B2F,GT03 LO0Z UVLG SHQF 8OC9 4ZJU 78NV,5,20,2/10/2018
Gregorius Bartels,388-871-4525,7970 High Crossing Drive,gbartels3y@webs.com,C1F,TR05 8567 8IFV THKU IZJN XEP8 CU,4,26,10/23/2019
Quintina Rickardes,257-895-7479,3 Nevada Court,qrickardes3z@twitpic.com,C2F,AZ64 KEVZ 8CHT 7QJ0 KZYT MRFA T3U8,1,34,12/25/2018
Dorelle Laste,626-290-4512,79721 Hudson Drive,dlaste40@google.ca,A1E,SM90 V073 9379 2083 DPIP NCRJ GTQ,8,15,10/16/2019
Jeana Millyard,381-924-3625,5 Sheridan Drive,jmillyard41@vk.com,A2E,BR71 1000 8766 0745 1621 2413 542I Z,8,31,8/1/2018
Auguste McGlaughn,746-557-8374,2684 Packers Pass,amcglaughn42@taobao.com,B1E,PT40 9075 7724 1925 7996 6417 2,3,15,4/7/2020
Kaile Attwell,364-424-7703,6 Starling Crossing,kattwell43@cloudflare.com,B2E,IE46 BQEP 2280 6933 4700 13,3,14,3/17/2016
Davida Loughhead,953-878-2202,52829 Anzinger Drive,dloughhead44@cbslocal.com,C1E,NO71 9809 8491 170,5,18,1/4/2016
Matthew Wickling,204-959-0947,08137 Graceland Road,mwickling45@accuweather.com,C2E,NL06 IYIM 1323 0764 59,1,34,4/8/2014
Merry Mosedale,450-276-5569,655 Towne Trail,mmosedale46@fastcompany.com,A1G,IL93 1306 9496 7355 5003 176,1,36,11/23/2014
Elora Anthony,982-740-6382,7 Valley Edge Alley,eanthony47@biglobe.ne.jp,A2G,DK80 4620 2540 9803 47,7,30,5/3/2014
Ali McVicar,923-466-1296,499 Sachtjen Junction,amcvicar48@google.pl,B1G,GI80 UWAB ZNSX FUZL E5K5 9CU,2,28,10/19/2018
Janella Haslock,952-397-7648,23359 8th Point,jhaslock49@sogou.com,B2G,CY97 4048 4057 ZAJT Y19Z IZEQ VM1L,6,21,12/15/2018
Jamie Jell,209-988-9431,85 Lindbergh Junction,jjell4a@example.com,C1G,ME81 9711 9680 3144 8851 81,4,25,7/31/2014
Karly Struttman,660-664-9029,18999 Karstens Park,kstruttman4b@hhs.gov,C2G,CR03 9257 7664 0241 2959 5,1,29,12/16/2017
Joleen Videler,545-229-1930,4 Summit Crossing,jvideler4c@about.me,A1F,VG71 CTKY 2822 8908 1220 9880,1,16,1/24/2020
Koressa Faldo,383-659-8085,003 Sugar Road,kfaldo4d@google.com.hk,A2F,FO85 7408 8025 2870 28,2,20,4/16/2017
Meta Hearnaman,277-497-0924,64 Portage Circle,mhearnaman4e@wufoo.com,B1F,DK25 3147 1394 1797 37,4,31,9/4/2019
Orbadiah Selway,430-852-1580,4 Huxley Place,oselway4f@shop-pro.jp,B2F,PT63 5606 9209 8616 7363 9706 5,1,37,2/28/2017
Camilla Fencott,127-405-9039,3 Corry Parkway,cfencott4g@nationalgeographic.com,C1F,MR51 7102 4226 4252 8065 5508 010,1,30,6/18/2015
Perry Revans,203-383-4162,03682 Comanche Pass,prevans4h@guardian.co.uk,C2F,AL19 7802 9002 7FCV WZSB KZCG RCEU,8,37,11/14/2017
Hewet Ferrolli,800-781-4603,3321 Maywood Lane,hferrolli4i@eepurl.com,A1E,FR80 3320 7809 589I UNGS MOXC V29,8,20,9/20/2017
Thayne Binestead,642-898-9190,24405 Butternut Center,tbinestead4j@youtu.be,A2E,DE64 4710 0681 6673 6879 10,2,26,6/12/2016
Garek Ede,203-879-3437,7 Mccormick Parkway,gede4k@nsw.gov.au,B1E,DE92 7165 1095 0460 1133 47,4,15,8/2/2015
Ariel Corben,131-155-6719,002 Lien Circle,acorben4l@state.tx.us,B2E,ME81 1317 9587 8106 8347 62,4,40,4/11/2017
Otes Dovidian,632-307-2734,9 Buena Vista Parkway,odovidian4m@oracle.com,C1E,CH24 7648 8KPI ZPDN FPWF Q,4,28,3/5/2016
Starlene Woolf,651-627-7021,81 Dennis Terrace,swoolf4n@spotify.com,C2E,IT92 E684 9285 201A 4GFW OSGE RFU,2,32,9/25/2018
Nicholas Vaux,462-225-3039,51 Pankratz Pass,nvaux4o@google.co.uk,A1G,IE95 JZNS 1548 2577 6628 98,6,33,4/15/2019
Claudelle Scoggins,395-357-8225,3153 Lyons Street,cscoggins4p@howstuffworks.com,A2G,FR74 8208 0489 72Y5 2YX3 ZVFW C60,5,20,4/22/2019
Jaime Oman,879-511-4116,9098 Briar Crest Pass,joman4q@sogou.com,B1G,KW60 XBVS 1X0Y 0FCX 6DOY MKHJ HCLE XZ,1,33,9/9/2013
Rebecka MacGuffog,127-635-0036,85323 Anniversary Trail,rmacguffog4r@unicef.org,B2G,BA87 9484 5650 3591 0021,4,26,2/4/2015
Karyl Lamdin,389-965-8096,40 Bunker Hill Park,klamdin4s@squarespace.com,C1G,BR90 8930 4146 6384 6664 9158 749P N,1,20,1/14/2019
Rainer Jayme,651-969-6700,7081 Grim Point,rjayme4t@tumblr.com,C2G,PL61 3855 5955 3471 3178 2419 8685,1,13,11/23/2017
Tyne Ballaam,274-818-8696,81965 Warrior Place,tballaam4u@icio.us,A1F,RO23 FWSK DWGA F2KH 4OD5 8MI7,4,27,8/5/2019
Raye Carver,125-145-6551,0 Susan Avenue,rcarver4v@nymag.com,A2F,BA62 1094 4369 6722 4054,5,37,4/28/2015
Clair Rapkins,373-687-6222,929 Village Green Alley,crapkins4w@apple.com,B1F,KW74 OSFC SUTJ 2UZT LXZ8 FWLY KLVY SD,5,14,11/6/2017
Hillel Glassborow,504-192-4098,5706 Nova Center,hglassborow4x@pcworld.com,B2F,KZ40 920J OBSR MEVO PHVV,1,15,11/4/2014
Angy Gueinn,779-989-4865,2836 Duke Lane,agueinn4y@ifeng.com,C1F,AE58 0066 0152 0064 5568 802,9,38,2/14/2018
Georges Perdue,484-199-0098,639 Miller Junction,gperdue4z@parallels.com,C2F,FR33 1486 1911 9752 GLMU NBVK 092,7,30,7/26/2018
Engracia Postan,935-880-9500,75 Elgar Junction,epostan50@ucsd.edu,A1E,GI53 FZIL YBM4 3IPS QM8C LN3,5,15,8/23/2015
Benyamin Bugdall,812-763-4917,4909 Killdeer Park,bbugdall51@bbb.org,A2E,AD19 7292 7112 6PUX CAVS NOTN,6,35,10/14/2019
Dael Belhome,224-811-8326,24 Gulseth Center,dbelhome52@nba.com,B1E,LB72 1553 Q6HK YER8 TDCL BQTI CNSX,1,23,2/27/2015
Gussy Galbraeth,597-161-9576,6514 Jenna Circle,ggalbraeth53@ameblo.jp,B2E,FR53 0680 3477 43L7 I7VJ XDAS K98,4,33,6/8/2015
Genni Stolte,658-950-2116,9695 Ohio Circle,gstolte54@pagesperso-orange.fr,C1E,HU64 4885 3574 2136 5225 3011 0283,6,28,3/1/2018
Wallace Emmens,747-915-8188,38557 Kropf Point,wemmens55@photobucket.com,C2E,IT84 X551 3037 305R 8SQD OKZU CW1,9,32,5/31/2016
Cyb Gonnelly,387-105-8069,3 Dunning Terrace,cgonnelly56@tamu.edu,A1G,KW15 JNAM IJ2X 4EW1 ZRNV EZKX OUZH MN,8,19,6/27/2017
Weider Puddifer,826-438-7632,0 Bunting Way,wpuddifer57@discuz.net,A2G,GE62 DV80 4284 0724 9827 17,5,21,11/24/2013
Gennifer McMarquis,996-593-4344,3 Carpenter Court,gmcmarquis58@disqus.com,B1G,PT90 8308 2637 0919 2008 3374 7,3,36,5/8/2016
Beverlie Geekie,600-229-0497,40882 Jackson Junction,bgeekie59@seesaa.net,B2G,BH34 LBGA 4Z9G 3VNQ LVTI 6V,6,21,6/16/2016
Ignacius Shepland,438-432-8708,6 Namekagon Crossing,ishepland5a@princeton.edu,C1G,IT29 X641 7050 490F KLRK 3XYN 00B,4,25,2/23/2020
Andie Blinde,166-184-1894,17 Little Fleur Road,ablinde5b@lulu.com,C2G,ME65 6968 3851 8383 8559 83,2,33,5/25/2016
Thayne Mateu,831-123-6183,5 Independence Parkway,tmateu5c@zdnet.com,A1F,FR42 2993 3784 37WZ ASCB 4ZEP C31,1,18,6/1/2020
Armstrong Carnock,871-418-6899,0 Saint Paul Way,acarnock5d@va.gov,A2F,VG88 SIDE 2706 0104 1440 3030,9,27,12/12/2019
Raviv Kirvin,861-992-6338,47 New Castle Avenue,rkirvin5e@spotify.com,B1F,DE53 4704 0079 2890 0010 94,4,31,4/21/2016
Craggie Rosenshine,332-571-6622,4700 Norway Maple Terrace,crosenshine5f@howstuffworks.com,B2F,AD61 9540 0395 ZJ6H BZQ5 W2LF,7,23,3/12/2017
Tobin Bradburn,206-973-8788,79 Oneill Avenue,tbradburn5g@pagesperso-orange.fr,C1F,HR79 1685 2880 9838 2832 5,5,37,1/8/2017
Aurelea Henworth,367-664-2479,2 Darwin Avenue,ahenworth5h@nymag.com,C2F,TR70 9465 1QEW CPT3 LXHM YWKV ZW,8,24,5/17/2018
Oralee Strawbridge,189-589-9139,7500 Bay Trail,ostrawbridge5i@cornell.edu,A1E,AE37 5036 1664 9450 0258 567,4,34,5/12/2015
Towny Farnham,624-813-4313,3852 Stephen Point,tfarnham5j@twitpic.com,A2E,BA70 4743 3284 6651 0970,8,40,10/8/2015
Aida Dalgarnocht,934-210-4762,614 Cardinal Plaza,adalgarnocht5k@taobao.com,B1E,AL21 7923 7378 QH0M T3R0 DMDZ YSPB,2,32,7/20/2016
Virginia Featherbie,415-505-2102,12397 Forster Road,vfeatherbie5l@ustream.tv,B2E,TR93 5237 0V3V G1QW 6ZPP ZDB3 6E,4,25,6/19/2014
Iris Bouts,578-883-2034,056 Village Green Way,ibouts5m@msn.com,C1E,PL04 5828 3676 6083 6991 7853 5270,7,25,1/23/2018
Monte Lygo,570-590-3617,7 Golf Course Point,mlygo5n@gravatar.com,C2E,HU55 2297 6930 0522 9033 0986 2149,9,20,6/2/2018
Cale Quinton,454-708-7651,3 Superior Circle,cquinton5o@weebly.com,A1G,FR52 3217 6765 23AV 8MES FWWD T57,9,32,7/13/2014
Huntlee Ragbourne,294-512-6971,59205 Saint Paul Plaza,hragbourne5p@meetup.com,A2G,PL29 2037 5605 4494 8999 5076 6469,8,31,11/20/2019
Letta Carneck,863-569-5253,4 Mariners Cove Hill,lcarneck5q@utexas.edu,B1G,FI82 2019 1765 5849 78,5,28,5/18/2017
Steffi Tootal,570-688-2883,98 Thompson Trail,stootal5r@sourceforge.net,B2G,TR19 9089 6DSF LRVP RL31 HWLX XY,2,13,1/24/2019
Borg Plevey,777-390-1335,424 Linden Junction,bplevey5s@gnu.org,C1G,FR51 6548 0288 56JR 5XWD FWTF S48,4,31,6/21/2020
Cori Reace,828-125-5724,97469 Homewood Street,creace5t@myspace.com,C2G,IL13 6716 5264 4542 9885 981,8,19,9/5/2019
Duffy Pyburn,524-845-7387,09175 Del Mar Drive,dpyburn5u@noaa.gov,A1F,CH51 0808 5394 SISK ZX75 8,9,16,7/24/2019
Imogen Fidell,758-628-4026,02003 Mallory Parkway,ifidell5v@zimbio.com,A2F,LI27 8076 2FXX EFKH L6Q0 X,7,25,8/31/2015
Larine Honnan,394-231-1417,05630 Lunder Circle,lhonnan5w@miitbeian.gov.cn,B1F,IS37 2618 4118 4972 1647 4108 41,4,26,4/11/2018
Jennica Baldack,836-786-2431,82849 Mockingbird Plaza,jbaldack5x@cbsnews.com,B2F,GR45 2335 751I 6CRE QRLC SWHB NSC,8,13,10/15/2019
Cyndie Tenbrug,661-581-1572,9437 Anderson Pass,ctenbrug5y@about.me,C1F,FR44 9375 6918 44CM EWKM OJ4S F61,2,40,6/25/2019
Sterne Rodenhurst,352-931-1342,32 Heath Court,srodenhurst5z@ovh.net,C2F,IT88 N002 0208 331I NGEX MPVW HRR,2,32,10/24/2013
Giordano Wheelton,608-695-6454,804 Summerview Circle,gwheelton60@examiner.com,A1E,BG20 ASWE 7667 23CO X1FV 3J,3,21,3/25/2019
Giustino Ades,449-844-2196,879 Reinke Trail,gades61@house.gov,A2E,DO48 TFGA 3083 3276 1960 5677 5337,4,18,7/9/2016
Alaric Ide,654-186-4127,2 Pankratz Parkway,aide62@vinaora.com,B1E,PK93 RMRI XLIB EMSW KIT5 L3BC,1,37,6/6/2016
Dwayne Ranscome,709-851-3648,3 Mallory Junction,dranscome63@apache.org,B2E,SI16 3207 7150 8432 798,4,13,8/9/2019
Etheline Ridesdale,653-586-7508,29 Westend Crossing,eridesdale64@google.nl,C1E,EE02 4712 2554 4414 9361,3,36,12/1/2018
Leena Roels,890-845-5161,461 Waywood Crossing,lroels65@discuz.net,C2E,DK95 4913 7596 4768 07,8,16,10/29/2014
Perkin Djurisic,658-384-0791,8 Mcguire Avenue,pdjurisic66@lycos.com,A1G,FR76 9228 2617 01R4 SZRT 1TAI T83,1,24,2/12/2016
Fairfax Couper,604-312-0587,93226 Monica Street,fcouper67@google.cn,A2G,IE77 PGEZ 3743 1493 8206 30,2,15,11/28/2018
Gerti Lobbe,968-170-7620,69 Northfield Way,globbe68@samsung.com,B1G,FR34 5332 7079 49G8 YMVJ XNGL V07,1,35,7/23/2019
Bobbee Gibson,704-783-5619,6272 Pankratz Trail,bgibson69@phoca.cz,B2G,FR31 5613 2481 61L6 WTYS EH3R 561,4,21,3/22/2020
Amabel Foster-Smith,395-283-2391,91 South Drive,afostersmith6a@ft.com,C1G,LT36 4711 1923 8113 0619,2,26,12/22/2017
Orsa Greville,458-421-9472,39970 Thompson Pass,ogreville6b@github.io,C2G,GI17 INVK 6KEE GBUJ BA85 W9M,8,28,12/27/2019
Mora Wisam,392-893-6312,06602 Alpine Road,mwisam6c@pagesperso-orange.fr,A1F,SK66 2480 2978 3704 8834 7775,4,15,3/20/2015
Eddie Pichan,966-471-9329,60257 Randy Trail,epichan6d@phpbb.com,A2F,MD31 QKXD I64T TR7P B9ZP LJL7,5,35,7/14/2015
Derk Mountfort,580-174-2980,1 Comanche Alley,dmountfort6e@blogtalkradio.com,B1F,MT29 KDWA 6399 5O9Y 97ZQ DHHL 1QG2 EIZ,2,24,1/1/2018
Rod Lidgey,550-788-7835,56915 Gina Court,rlidgey6f@delicious.com,B2F,MU73 QOPS 9239 5233 7770 1361 119W AK,3,21,7/13/2018
Jules Jager,732-490-7845,5 Comanche Pass,jjager6g@cpanel.net,C1F,RO17 BIAD G8FY IHBY JPKJ 5FHK,9,28,5/10/2016
Aura Windless,800-376-0468,6083 Southridge Avenue,awindless6h@sina.com.cn,C2F,VG93 RURD 8645 9617 0251 4119,2,23,6/5/2018
Viki Cortez,931-360-6039,5 Heffernan Point,vcortez6i@yahoo.com,A1E,IT15 R665 3154 637L APTK J0ZH 2AQ,6,14,2/19/2016
Sullivan Tallis,870-637-6283,447 Meadow Vale Way,stallis6j@ebay.co.uk,A2E,MR59 8420 3265 0606 0650 5880 973,7,40,7/19/2018
Immanuel Sheirlaw,865-988-6063,47 Stuart Junction,isheirlaw6k@webnode.com,B1E,NL40 XFLJ 5824 5469 67,9,16,7/2/2014
Pail Stackbridge,634-529-6610,1227 Mockingbird Hill,pstackbridge6l@tuttocitta.it,B2E,HR17 9722 2880 0098 6923 8,7,20,7/10/2016
Woody Mattiassi,136-562-3536,1237 Summer Ridge Pass,wmattiassi6m@mit.edu,C1E,IS80 2026 3785 5825 2197 0906 59,2,17,1/14/2015
Tull Greated,120-937-9440,17448 Meadow Ridge Drive,tgreated6n@wsj.com,C2E,SK98 6102 4280 0421 3989 3492,7,30,9/26/2015
Heath Balcon,812-805-4480,9 Lotheville Plaza,hbalcon6o@ft.com,A1G,BR77 6369 6503 2376 7236 4850 539B N,1,37,8/12/2014
Bogart Rubinowicz,953-130-9397,6441 Golf View Street,brubinowicz6p@cyberchimps.com,A2G,FO26 8643 0493 9493 07,8,34,11/10/2016
Eleonore Chewter,882-611-6077,65 Ridgeway Parkway,echewter6q@gravatar.com,B1G,MT45 UHVN 7256 39IE A93T AFGE KHBR AOU,7,30,10/29/2017
Pinchas Simioni,663-451-2527,50 Northport Point,psimioni6r@auda.org.au,B2G,FR43 6963 5136 29P3 EEEM MDWL K73,4,32,12/9/2014
Freeland Rodear,371-174-3421,77999 5th Parkway,frodear6s@oakley.com,C1G,ES40 5826 6197 5319 4849 5634,2,25,2/24/2020
Ranee Kaminski,377-258-7182,9 Clyde Gallagher Way,rkaminski6t@biglobe.ne.jp,C2G,FR43 9226 7896 438Q N0YV UXHF 158,1,37,3/26/2020
Jacques Schreiner,497-571-8482,7 Elka Crossing,jschreiner6u@example.com,A1F,NO09 6664 9309 911,3,20,12/21/2013
Emmalynn Mutch,701-285-9703,18387 Arapahoe Court,emutch6v@foxnews.com,A2F,SK76 1454 1016 0626 3752 2934,1,18,5/28/2019
Sofia Stephens,281-399-1434,7 Mockingbird Parkway,sstephens6w@va.gov,B1F,GR51 7194 116N AWPL YEQV 3XUE IIM,6,15,11/4/2018
Jasmina D'orsay,756-307-3165,91747 Oriole Lane,jdorsay6x@dell.com,B2F,HU26 4053 7488 3105 5735 3969 3020,7,39,12/7/2017
Merla Leadbeater,620-194-2451,98612 Parkside Terrace,mleadbeater6y@seesaa.net,C1F,RO37 GTFS UXAZ 2IPI URLP KKVJ,4,23,11/11/2014
Tarah Logue,125-937-7100,4784 Kenwood Avenue,tlogue6z@zimbio.com,C2F,GI31 MRHV HMVW P9PJ XS56 2JO,6,35,11/15/2018
Loraine Piggford,225-548-8968,4880 North Trail,lpiggford70@slashdot.org,A1E,BG06 HELI 0437 45NK BYPW BW,1,27,1/5/2014
Nisse MacTague,547-782-5530,15 Warner Drive,nmactague71@census.gov,A2E,FR48 0591 2211 83GL M6BV S74Q D68,8,29,4/29/2015
Wanda Walklate,517-503-2955,5562 Pearson Pass,wwalklate72@discovery.com,B1E,MK07 788S CC4A QRNJ 334,5,35,10/3/2019
Marillin Voce,662-962-1933,6 Eagan Trail,mvoce73@posterous.com,B2E,FR54 5385 0745 56UI 0KR2 P9NT X09,7,29,5/28/2017
Bess McMoyer,419-867-5365,4 Hagan Way,bmcmoyer74@ted.com,C1E,RO67 HOLO R4ED H7MG LMMM BIBF,8,33,6/21/2014
Mahala Paxman,673-443-7893,14 Hoard Trail,mpaxman75@ask.com,C2E,FR32 8007 4976 38NA 5KPE MXEL O49,8,34,8/12/2015
Donnell Stobbe,895-399-4890,3 Stephen Parkway,dstobbe76@microsoft.com,A1G,IT73 B012 0153 399N JDAV R6NW LVA,9,19,2/23/2019
Rachel Woolley,272-941-6873,00 Toban Parkway,rwoolley77@csmonitor.com,A2G,AE09 3355 6870 2689 4409 000,3,31,6/9/2020
Olin Champkin,704-992-3692,99804 Havey Circle,ochampkin78@cloudflare.com,B1G,MC28 4219 9875 78OZ CPBV Q31L C62,4,19,9/9/2018
Whittaker McInnerny,846-140-0292,8 Lukken Hill,wmcinnerny79@pcworld.com,B2G,ES03 7346 9240 7499 1582 8493,6,40,7/11/2017
Ame Fearenside,682-174-1357,682 3rd Court,afearenside7a@arstechnica.com,C1G,FR42 2692 3324 81G0 4UT3 B1KO M41,3,33,2/11/2014
Pembroke Dictus,516-315-8592,8 Browning Circle,pdictus7b@cdc.gov,C2G,LT03 8012 1572 7897 6509,1,19,4/5/2014
Priscella James,712-417-1543,23577 Oakridge Center,pjames7c@delicious.com,A1F,RO56 NXVR CMOD 1DI2 RUHD 7FLQ,5,19,9/17/2013
Rosanna Jendricke,146-126-6306,32084 Mifflin Point,rjendricke7d@ted.com,A2F,TN57 1982 6522 5048 7132 4326,1,14,11/4/2013
Chandal Crooks,644-464-0687,610 Forest Center,ccrooks7e@accuweather.com,B1F,IS35 2036 1073 5752 5143 2270 26,7,33,10/15/2013
Waring Nowlan,821-358-2730,3144 Lunder Alley,wnowlan7f@homestead.com,B2F,PK82 TTTV MJSE GYEW PPR7 P9WH,8,13,9/28/2015
Toby Magne,462-131-8600,049 Michigan Plaza,tmagne7g@china.com.cn,C1F,GB69 YVAW 2226 8103 0585 57,5,36,4/2/2014
Olivia Joney,279-419-1438,9 Laurel Plaza,ojoney7h@ovh.net,C2F,VG61 JUKI 1504 3140 2944 4693,6,37,6/26/2016
Gwenny Wagerfield,229-104-8890,766 Meadow Ridge Avenue,gwagerfield7i@multiply.com,A1E,AD68 1295 1115 ZUMU LTQ3 BHTG,4,18,8/14/2020
Elsey Nortunen,330-375-7770,82925 Lillian Road,enortunen7j@hhs.gov,A2E,FR68 1063 7762 19BZ TF1P BYSP 883,9,21,2/2/2014
Jed Rumgay,483-508-3880,638 Northport Hill,jrumgay7k@godaddy.com,B1E,CZ72 8609 6909 3357 2006 4744,2,21,12/1/2013
Virginie Amerighi,294-725-1958,18 Johnson Crossing,vamerighi7l@goodreads.com,B2E,DO12 GQT9 6655 8190 4269 6079 5521,3,15,10/30/2015
Marylynne Birtles,649-602-7190,35 Schiller Court,mbirtles7m@ameblo.jp,C1E,GT02 DOSF WCN8 MMSW JNNV 7DG0 RL00,5,35,12/30/2014
Waly McIan,274-214-8508,963 Crescent Oaks Park,wmcian7n@si.edu,C2E,MU30 ZXTD 9916 2143 3855 9159 823N RN,6,15,11/12/2017
Emiline Vinter,999-998-2295,57 Buena Vista Hill,evinter7o@disqus.com,A1G,FR10 7929 4041 55AZ 8GZ6 QLWY F64,2,39,4/23/2020
Babs Hollerin,467-476-1659,05768 Clove Road,bhollerin7p@xing.com,A2G,PL06 5245 5730 5475 2990 2871 3835,4,31,9/8/2015
Fancie Peddersen,994-220-7908,0 Magdeline Park,fpeddersen7q@acquirethisname.com,B1G,FR18 7784 5822 33JU QRMN KULJ V38,8,29,7/3/2015
Noellyn Titley,207-401-7449,8 Del Sol Lane,ntitley7r@multiply.com,B2G,MK34 652V PHHR Z9ZH G45,1,21,12/31/2014
Valencia Mushrow,980-918-9336,57450 Anderson Terrace,vmushrow7s@elpais.com,C1G,BA39 1431 4510 5535 5407,2,13,4/19/2014
Raine Skellion,149-557-0846,98856 Raven Circle,rskellion7t@icq.com,C2G,FR28 7851 6161 54IB YCQU WOZ8 D17,5,27,10/15/2018
Ophelie O' Hern,320-829-7466,14 Arapahoe Crossing,oo7u@eepurl.com,A1F,GT67 ACLY IOWD UISZ RXOY 8KRP RGIZ,4,35,6/8/2020
Horatio Brooksbank,147-925-9048,98425 Northridge Parkway,hbrooksbank7v@nbcnews.com,A2F,MU75 WBXP 4236 9021 6416 0054 834L JN,3,23,5/8/2019
Alexandre MacCardle,904-647-2832,871 Blue Bill Park Road,amaccardle7w@chicagotribune.com,B1F,FR85 8890 1305 21BN SITY XGVB H88,5,38,1/4/2015
Jacquelyn Andino,601-594-3007,237 Manley Parkway,jandino7x@ehow.com,B2F,PL75 4184 1994 6878 4954 9692 8445,3,28,12/7/2018
Flynn Colleer,708-695-5191,15447 Becker Crossing,fcolleer7y@pagesperso-orange.fr,C1F,CR06 9879 4517 8060 6496 0,9,22,5/28/2014
Leone Fallon,807-414-0157,2826 Mayfield Parkway,lfallon7z@samsung.com,C2F,AD77 3346 2921 AO75 Y4WE 64WY,1,26,7/21/2019
Myrtle Maryan,207-396-4186,883 Sauthoff Circle,mmaryan80@feedburner.com,A1E,GL08 4235 6173 5717 86,4,35,3/23/2015
Jakie Viccars,228-794-7173,94228 Nobel Pass,jviccars81@webs.com,A2E,HU83 0472 7775 5127 4733 2062 5867,4,18,8/11/2017
Kipp Fooks,136-946-4942,8178 Cambridge Drive,kfooks82@furl.net,B1E,GE13 YV68 8319 1481 8733 37,5,26,11/2/2017
Vinnie Wycliffe,569-625-1407,84233 Sherman Parkway,vwycliffe83@wired.com,B2E,DK26 4178 4128 0569 34,8,34,4/18/2015
Ceil Caccavale,361-451-2315,4403 Granby Street,ccaccavale84@chronoengine.com,C1E,FR64 9875 2813 78ZU SSD2 NSC2 225,5,36,1/3/2017
Gan Archard,444-293-5520,6203 Amoth Drive,garchard85@yahoo.co.jp,C2E,PS69 ZFUZ PXTL SMIU SNYD 3OQC VKBD J,1,14,10/27/2013
Ellsworth Stidever,503-704-3888,7 Forest Run Plaza,estidever86@washington.edu,A1G,MR67 7055 3950 7968 5805 0848 468,8,14,12/12/2014
Deerdre Hurkett,307-882-9078,4106 Arizona Park,dhurkett87@furl.net,A2G,IE89 GUYA 0373 8111 8004 37,4,30,4/14/2016
Murry Setterthwait,274-842-6794,23 Buell Pass,msetterthwait88@netscape.com,B1G,HR07 5925 6137 2013 8306 9,5,35,2/22/2019
Lori McDougle,844-971-5927,4283 La Follette Point,lmcdougle89@last.fm,B2G,FR70 3480 5737 92RF VMML QMIW U01,5,22,4/2/2015
Tova Lydiard,548-445-7566,0 Helena Junction,tlydiard8a@tmall.com,C1G,FO81 3872 9343 0925 53,2,22,3/4/2019
Amelia Beddow,229-854-3966,764 Bowman Point,abeddow8b@vk.com,C2G,FR15 2417 4274 72OD GHZC HHVB E05,7,17,5/18/2016
Rosy Arnold,722-202-4862,13 Hoard Alley,rarnold8c@ucsd.edu,A1F,AD08 2062 0541 N2NB LUAZ I248,9,14,11/21/2018
Theodora Glanert,961-483-0140,03 Maple Junction,tglanert8d@dedecms.com,A2F,TR58 8644 1LRX DUBO 5857 LPF7 GY,7,30,12/2/2013
Ave Robe,416-982-7074,11 Crownhardt Plaza,arobe8e@dagondesign.com,B1F,SE88 8079 5454 5315 3577 1443,8,35,8/7/2014
Milzie Donnachie,942-210-5452,0022 Maryland Pass,mdonnachie8f@dailymotion.com,B2F,TN48 0105 3759 4574 2622 5092,5,25,7/1/2016
Buddy Loblie,699-975-5310,563 5th Park,bloblie8g@sohu.com,C1F,CY95 6627 1681 TQ9V HECK 5C8G 3XBK,7,15,4/7/2015
Alicea Elham,661-465-4822,2565 Schiller Avenue,aelham8h@yandex.ru,C2F,HR68 4128 5796 2180 7677 8,2,33,6/21/2014
Aluino Nunn,314-513-2217,969 Hoffman Court,anunn8i@theatlantic.com,A1E,PK48 BPKA GBHF SFTL RO5F J2Z0,6,25,11/29/2013
Briny Hannigan,414-781-3576,9963 Waubesa Pass,bhannigan8j@privacy.gov.au,A2E,DO28 YTA9 8175 4699 2388 8733 6834,3,28,4/15/2018
Jeanne Sherme,755-459-0241,468 Claremont Alley,jsherme8k@pen.io,B1E,ES72 4673 6954 3828 2782 3371,4,34,9/29/2017
Richard Mickleburgh,848-471-9519,8833 Kenwood Road,rmickleburgh8l@ycombinator.com,B2E,TR65 9093 2XMZ HI6J XZDU BZBK FM,6,16,10/16/2016
Grannie Redhills,588-263-3806,52065 Bultman Hill,gredhills8m@sogou.com,C1E,ME79 3830 9061 9899 5703 32,9,14,7/16/2019
Orion Diviney,512-275-5766,68 Manufacturers Center,odiviney8n@usnews.com,C2E,RO69 HOLU M1CM J5FR QXHF LSGC,1,15,3/10/2017
Pace Di Carli,871-947-7902,64058 Fairview Lane,pdi8o@tinypic.com,A1G,FR63 8309 9278 28SB TXXM CBLV E56,2,23,8/23/2018
Sheila-kathryn Meriott,816-321-8632,46039 La Follette Hill,smeriott8p@scientificamerican.com,A2G,SK65 4514 8413 5172 2125 1100,8,17,11/15/2013
Desdemona Ivatt,871-224-4534,37 Doe Crossing Lane,divatt8q@twitter.com,B1G,FR04 8245 2827 69JR LW7R QIDL 924,8,22,8/22/2014
Steve Helmke,213-115-0441,57791 Harper Hill,shelmke8r@t-online.de,B2G,GE47 TC64 1617 8158 3034 24,7,38,5/2/2017
Dre Mark,309-200-3148,46 Hoffman Center,dmark8s@marketwatch.com,C1G,MU92 QKIC 5302 1179 0107 2529 067Q ZA,8,27,4/23/2016
Dru Tommen,495-961-1265,116 Westport Circle,dtommen8t@360.cn,C2G,BG89 PWXV 2389 81FG 9MOI HU,5,34,8/8/2017
Raleigh Masseo,277-843-0334,7 Barnett Crossing,rmasseo8u@blogspot.com,A1F,FR17 0142 3639 61BZ SUZK 0FZE S98,7,15,9/17/2014
Kinsley O' Scallan,695-230-5705,2 Springview Hill,ko8v@nydailynews.com,A2F,CR68 7925 4143 1082 4451 1,3,19,9/17/2013
Josy Sparshott,548-724-4892,36 Glendale Place,jsparshott8w@slideshare.net,B1F,LV70 TVAK MR86 G3B1 IQ43 5,4,15,6/22/2016
Marcille Leander,662-476-3452,32 Victoria Pass,mleander8x@blinklist.com,B2F,FR44 3779 7249 05EM AS2Q RDUO J15,6,25,11/5/2016
Lonnard Seekings,720-384-4645,2672 Del Sol Lane,lseekings8y@people.com.cn,C1F,PT82 9996 1395 1078 6021 8827 4,6,30,12/2/2013
Byrle Zebedee,952-678-9523,247 Bay Trail,bzebedee8z@wikispaces.com,C2F,GT17 61GV EQPQ 5ZYD EVEO DF2Y YKXJ,2,23,11/23/2019
Sigismondo Bartoszinski,886-242-8896,7 La Follette Parkway,sbartoszinski90@auda.org.au,A1E,TN70 4879 4929 3346 3353 0147,3,20,7/13/2018
Valaria Ambroziak,458-539-8686,2 Farragut Pass,vambroziak91@goodreads.com,A2E,FR97 3106 4566 678Z 7HNI WW6P K29,7,19,2/4/2016
Chiquia Mc Giffin,879-592-5509,211 Ruskin Avenue,cmc92@dailymail.co.uk,B1E,NL62 KKUY 9866 9290 68,2,26,8/12/2019
Jordain Gresly,159-396-8082,3 Schlimgen Center,jgresly93@jugem.jp,B2E,MC17 5049 0218 82ZY JBL3 UMB1 Q58,9,31,8/19/2015
Anton Howe,116-930-9451,45 Vera Junction,ahowe94@netscape.com,C1E,HR26 5982 4716 9511 4114 9,4,33,5/14/2020
Conrade Bellany,378-980-6897,2 Burning Wood Lane,cbellany95@flickr.com,C2E,MU75 NNFD 9156 3758 8488 1631 925R NG,6,25,10/18/2016
Gwyn Janks,171-585-2863,16778 Randy Way,gjanks96@scribd.com,A1G,IT48 G258 3143 409Z LG2N 1AJW NM6,4,37,3/23/2018
Darlene Wimlet,940-777-0349,44231 Gale Junction,dwimlet97@wiley.com,A2G,SI91 9599 2097 0774 711,8,36,2/24/2019
Koenraad Tomlett,160-585-0688,393 Mitchell Point,ktomlett98@guardian.co.uk,B1G,LB14 1232 H8GI DAS4 DCWC EJT8 KXHR,6,14,1/14/2015
Helaina Baiss,870-760-3903,08593 Nelson Point,hbaiss99@sun.com,B2G,DO26 PC5Z 0792 7861 1067 1240 6993,2,14,10/26/2015
Sheela Allabush,835-295-1122,5992 Victoria Junction,sallabush9a@wsj.com,C1G,FR15 6230 4266 09AE UBWZ AZXC U99,8,34,1/18/2019
Davine Wickenden,424-718-7226,67883 Namekagon Junction,dwickenden9b@sohu.com,C2G,SA30 06VK AQNE CXZ5 E4PF FST2,3,17,9/18/2018
Tuckie Trewman,397-404-1131,657 Green Ridge Terrace,ttrewman9c@nsw.gov.au,A1F,SI89 0023 4309 7187 756,9,23,5/15/2017
Hurleigh Espin,186-265-3432,7 Red Cloud Point,hespin9d@nydailynews.com,A2F,TN20 1587 0742 0046 8492 3207,6,16,4/29/2017
Adelbert Washtell,781-248-6005,749 Debra Street,awashtell9e@mediafire.com,B1F,AD37 5999 7419 78FZ A9WF DMWX,8,37,4/8/2020
Linoel Ewers,180-863-9983,3 Maywood Drive,lewers9f@omniture.com,B2F,NL29 WOPY 9373 3417 40,9,38,11/7/2014
Devon Barrett,621-870-8552,3 Colorado Hill,dbarrett9g@lycos.com,C1F,GB30 EXSU 2628 6618 7923 93,2,25,11/7/2017
Carlie Kitchen,555-854-2710,73 Comanche Crossing,ckitchen9h@zdnet.com,C2F,FR68 6259 7400 53JL WDDI HC7B C53,9,25,2/22/2019
Darin Semkins,843-502-9684,7 Hanover Point,dsemkins9i@house.gov,A1E,DE56 2705 7508 4240 2357 48,1,17,3/22/2014
Curran Japp,755-434-5692,923 Fairview Street,cjapp9j@washington.edu,A2E,KW51 VACH Z7SD BJUD B1QH ID2I MAFA LG,2,22,11/14/2018
Stephannie Quadri,644-403-5063,3 Dryden Center,squadri9k@com.com,B1E,PS65 JCKJ 1KCP 1TJ7 RPRR IZNO MYMP E,3,31,12/16/2017
Leandra Reiners,305-825-2458,5 Killdeer Park,lreiners9l@mapquest.com,B2E,RO63 KQNR 1UQN EJ2D KYM5 T6VI,3,21,2/9/2015
Katheryn Heinsh,278-472-0234,66651 Cherokee Avenue,kheinsh9m@artisteer.com,C1E,NL25 QAOE 2610 2944 36,1,25,7/9/2017
Dacey Fandrey,643-175-1931,13 Clarendon Circle,dfandrey9n@howstuffworks.com,C2E,FR11 9419 3982 58UN AMFX MUCT E72,5,25,1/27/2015
Frasier Acreman,789-929-0285,46200 Sachs Place,facreman9o@sphinn.com,A1G,AL61 2886 9486 DCY4 STTD UZOB RCTV,9,23,11/30/2019
Rosetta Jikylls,180-798-2068,672 Buena Vista Drive,rjikylls9p@mapy.cz,A2G,EE20 3291 8287 2804 7243,9,35,8/18/2017
Stephen Valentinetti,700-910-4853,1 Pankratz Alley,svalentinetti9q@jigsy.com,B1G,GR14 7259 152R CCCY T8P9 MJUI THA,1,13,1/28/2014
Demetris Liccardi,407-296-7996,521 Vernon Parkway,dliccardi9r@hugedomains.com,B2G,EE73 0094 4393 1414 6056,4,28,4/24/2014
Tyler Richin,489-847-0495,1 Bartillon Plaza,trichin9s@upenn.edu,C1G,BR40 9218 8748 4299 1716 6627 303Z F,8,31,8/27/2019
Kelsy Easum,631-172-4699,9 Rockefeller Circle,keasum9t@google.es,C2G,IE73 CDEX 1732 5554 6090 59,1,20,7/9/2016
Darby Marshalleck,660-263-8203,819 Troy Circle,dmarshalleck9u@stumbleupon.com,A1F,FR50 3313 1734 46GQ KA6I 1OFO G41,1,34,11/8/2013
Frank Vice,931-313-1433,55987 Maryland Lane,fvice9v@lycos.com,A2F,MU65 LDJH 6225 6866 5216 7150 775Q ZE,5,26,7/1/2018
Tedmund Lorrain,197-195-0473,13 Del Mar Circle,tlorrain9w@yellowbook.com,B1F,IE27 DDSC 4730 7064 6788 55,1,20,6/19/2014
Zacharias Carbert,336-375-7903,24487 Novick Point,zcarbert9x@unblog.fr,B2F,LU22 950X KILW II5K CKTE,9,35,4/14/2016
Phip Zarfat,221-297-0897,2 Fallview Pass,pzarfat9y@symantec.com,C1F,FO02 1173 1399 4628 30,7,36,3/11/2014
Lorette Skipper,318-450-1949,8 Evergreen Court,lskipper9z@hibu.com,C2F,RS82 4624 1335 2493 3895 00,3,25,12/26/2013
